posizione,titolo,autore,url,rating,numero_recensioni,categoria,editore_anno,disponibilita
1,Come se ne esce. Il mondo dopo Donald Trump,Francesco Costa,https://www.ibs.it/come-se-ne-esce-mondo-libro-francesco-costa/e/9788804776895,0,0,"Società, politica e comunicazione","Mondadori, 2026",Disponibile dal 8 settembre 2026
2,Calde le pere! Storia di un fiume e di una integerrima fanciulla,Francesco Guccini,https://www.ibs.it/calde-pere-storia-di-fiume-libro-francesco-guccini/e/9791223286869,0,0,Narrativa italiana,"Giunti Editore, 2026",Disponibilità immediata
3,La figlia,Clara Usón,https://www.ibs.it/figlia-libro-clara-uson/e/9788838929120,4,27,Narrativa straniera,"Sellerio Editore Palermo, 2026",Disponibile dal 16 settembre 2026
4,I convitati di pietra,Michele Mari,https://www.ibs.it/convitati-di-pietra-libro-michele-mari/e/9788806271978,3,71,Narrativa italiana,"Einaudi, 2026",Disponibilità immediata
5,Il sole nelle pozzanghere,Matteo Bussola,https://www.ibs.it/sole-nelle-pozzanghere-libro-matteo-bussola/e/9788806271305,4,13,Narrativa italiana,"Einaudi, 2026",Disponibile in 5 gg lavorativi
6,Gli anni in bianco e nero,Francesca Giannone,https://www.ibs.it/anni-in-bianco-nero-libro-francesca-giannone/e/9788842935759,5,25,Narrativa italiana,"Nord, 2026",Disponibilità immediata
7,First lady per caso,Felicia Kingsley,https://www.ibs.it/first-lady-per-caso-libro-felicia-kingsley/e/9791224206385,0,0,Narrativa erotica e rosa,"Newton Compton Editori, 2026",Disponibilità immediata
8,La sonnambula,Bianca Pitzorno,https://www.ibs.it/sonnambula-libro-bianca-pitzorno/e/9788830153097,4,24,Narrativa italiana,"Bompiani, 2026",Disponibilità immediata
9,Tutti i colori del buio,Chris Whitaker,https://www.ibs.it/tutti-colori-del-buio-libro-chris-whitaker/e/9788806256340,4,12,"Gialli, thriller, horror","Einaudi, 2026",Disponibile in 3 gg lavorativi
10,Accogliere con gli albi illustrati. Educare alla pluralità nella Scuola dell'infanzia e nella primaria,Antonella Capetti,https://www.ibs.it/accogliere-con-albi-illustrati-educare-libro-antonella-capetti-sandra-minciotti/e/9791256031801,0,0,Educazione e formazione,"Sanoma, 2026",Disponibile in 5 gg lavorativi
11,Magnifica humanitas. Lettera Enciclica sulla custodia della persona umana nel tempo dell’intelligenza artificiale,Leone XIV (Robert Francis Prevost),https://www.ibs.it/magnifica-humanitas-lettera-enciclica-sulla-libro-leone-xiv-robert-francis-prevost/e/9788826610931,5,14,"Società, politica e comunicazione","Libreria Editrice Vaticana, 2026",Disponibilità immediata
12,Soltanto il giorno,Santina Cosetta,https://www.ibs.it/soltanto-giorno-libro-santina-cosetta/e/9791223232323,4,5,Narrativa italiana,"Giunti Editore, 2026",Disponibilità immediata
13,L'inverno della levatrice,Ariel Lawhon,https://www.ibs.it/inverno-della-levatrice-libro-ariel-lawhon/e/9788854533387,5,17,"Gialli, thriller, horror","Neri Pozza, 2026",Disponibilità immediata
14,Una vita come tante,Hanya Yanagihara,https://www.ibs.it/vita-come-tante-libro-hanya-yanagihara/e/9788838935688,4,357,Narrativa straniera,"Sellerio Editore Palermo, 2016",Disponibilità immediata
15,Murdoku. 80 omicidi misteriosi da risolvere con la logica. Il primo libro che unisce crime e sudoku,Manuel Garand,https://www.ibs.it/murdoku-80-omicidi-misteriosi-da-libro-manuel-garand/e/9791259578839,5,4,"Casa, hobby e cucina","Magazzini Salani, 2026",Disponibile dal 8 settembre 2026
16,Kolchoz,Emmanuel Carrère,https://www.ibs.it/kolchoz-libro-emmanuel-carrere/e/9788845941009,4,20,Narrativa straniera,"Adelphi, 2026",Disponibilità immediata
17,Tutti in questa banca sono ladri,Benjamin Stevenson,https://www.ibs.it/tutti-in-questa-banca-sono-libro-benjamin-stevenson/e/9788807037191,0,0,Narrativa straniera,"Feltrinelli, 2026",Disponibilità immediata
18,Il ladro di zucche. Ediz. a colori,Alice Hemming,https://www.ibs.it/ladro-di-zucche-ediz-a-libro-alice-hemming/e/9788829608959,0,0,Bambini e ragazzi,"Emme Edizioni, 2026",Disponibilità immediata
19,Ci basterà mangiare il vento,Gianluca Gotto,https://www.ibs.it/ci-bastera-mangiare-vento-libro-gianluca-gotto/e/9788804807278,5,7,Narrativa italiana,"Mondadori, 2026",Disponibilità immediata
20,"Max, Mischa e l'offensiva del Tet",Johan Harstad,https://www.ibs.it/max-mischa-offensiva-del-tet-libro-johan-harstad/e/9788838949968,4,3,Narrativa straniera,"Sellerio Editore Palermo, 2026",Disponibile dal 15 settembre 2026
21,Il tempo dell'orologiaio,Maurizio de Giovanni,https://www.ibs.it/tempo-dell-orologiaio-libro-maurizio-de-giovanni/e/9788807037375,4,11,Narrativa italiana,"Feltrinelli, 2026",Disponibilità immediata
22,La ricreazione è finita,Dario Ferrari,https://www.ibs.it/ricreazione-finita-libro-dario-ferrari/e/9788838944703,4,49,Narrativa italiana,"Sellerio Editore Palermo, 2023",Disponibile in 4 gg lavorativi
23,La cura,Concita De Gregorio,https://www.ibs.it/cura-libro-concita-de-gregorio/e/9788806272555,5,6,Biografie,"Einaudi, 2026",Disponibilità immediata
24,Odissea,Omero,https://www.ibs.it/odissea-libro-omero/e/9788831743006,5,12,"Classici, poesia, teatro e critica","Marsilio, 2026",Disponibilità immediata
25,Fiori per Algernon,Daniel Keyes,https://www.ibs.it/fiori-per-algernon-libro-daniel-keyes/e/9788850241910,5,65,Narrativa straniera,"TEA, 2016",Disponibilità immediata
26,Il lupo che voleva cambiare colore. Amico lupo. Ediz. illustrata,Orianne Lallemand,https://www.ibs.it/lupo-che-voleva-cambiare-colore-libro-orianne-lallemand/e/9788858037218,5,19,Bambini e ragazzi,"Gribaudo, 2021",Disponibile in 5 gg lavorativi
27,La sposa gitana. Il primo caso dell'ispettrice Elena Blanco,Carmen Mola,https://www.ibs.it/sposa-gitana-primo-caso-dell-libro-carmen-mola/e/2000000170626,0,0,Narrativa straniera,"TEA, 2026",Attualmente non disponibile
28,Ed è un poco la notte e un poco l'alba,Ilaria Tuti,https://www.ibs.it/ed-poco-notte-poco-alba-libro-ilaria-tuti/e/9788830463721,5,23,Narrativa italiana,"Longanesi, 2026",Disponibilità immediata
29,I tramezzini di Rocco Schiavone,Antonio Manzini,https://www.ibs.it/tramezzini-di-rocco-schiavone-libro-antonio-manzini/e/9788838949951,5,33,Narrativa italiana,"Sellerio Editore Palermo, 2026",Disponibilità immediata
30,Contro il fatalismo,David Foster Wallace,https://www.ibs.it/contro-fatalismo-libro-david-foster-wallace/e/9788806269968,0,0,"Classici, poesia, teatro e critica","Einaudi, 2026",Disponibilità immediata
31,Il linguaggio segreto delle carezze,Thrity Umrigar,https://www.ibs.it/linguaggio-segreto-delle-carezze-libro-thrity-umrigar/e/9791282435147,0,0,Narrativa straniera,"Libreria Pienogiorno, 2026",Disponibilità immediata
32,Sotto mentite spoglie,Antonio Manzini,https://www.ibs.it/sotto-mentite-spoglie-libro-antonio-manzini/e/9788838948978,4,43,Narrativa italiana,"Sellerio Editore Palermo, 2025",Disponibilità immediata
33,Nero come il mare,Charlotte McConaghy,https://www.ibs.it/nero-come-mare-libro-charlotte-mcconaghy/e/9791259678829,3,7,Narrativa straniera,"Fazi, 2026",Disponibilità immediata
34,L'eremo dei folli,Agnese Messina,https://www.ibs.it/eremo-dei-folli-libro-agnese-messina/e/9788811016496,4,1,Narrativa italiana,"Garzanti, 2026",Disponibilità immediata
35,L'alba dei leoni. La saga dei Florio,Stefania Auci,https://www.ibs.it/alba-dei-leoni-saga-dei-libro-stefania-auci/e/9788842935636,5,19,Narrativa italiana,"Nord, 2026",Disponibilità immediata
36,I colori delle emozioni. Ediz. a colori,Anna Llenas,https://www.ibs.it/colori-delle-emozioni-ediz-a-libro-anna-llenas/e/9788858019672,5,125,Bambini e ragazzi,"Gribaudo, 2018",Disponibilità immediata
37,Alzarsi all'alba,Mario Calabresi,https://www.ibs.it/alzarsi-all-alba-libro-mario-calabresi/e/9788804801818,4,8,Biografie,"Mondadori, 2026",Disponibilità immediata
38,I giorni di Vetro,Nicoletta Verna,https://www.ibs.it/giorni-di-vetro-libro-nicoletta-verna/e/9788806261368,5,70,Narrativa italiana,"Einaudi, 2024",Disponibile in 5 gg lavorativi
39,Paura non abbiamo. Le donne che hanno fatto la Repubblica,Serena Dandini,https://www.ibs.it/paura-non-abbiamo-donne-che-libro-serena-dandini/e/9788806273934,5,2,"Società, politica e comunicazione","Einaudi, 2026",Disponibilità immediata
40,La volta giusta,Lorenza Gentile,https://www.ibs.it/volta-giusta-libro-lorenza-gentile/e/9788807970078,5,14,Narrativa italiana,"Feltrinelli, 2025",Disponibilità immediata
41,Solaris,Stanislaw Lem,https://www.ibs.it/solaris-libro-stanislaw-lem/e/9788838929106,5,72,Narrativa straniera,"Sellerio Editore Palermo, 2013",Disponibilità immediata
42,Il cuculo di cristallo,Javier Castillo,https://www.ibs.it/cuculo-di-cristallo-libro-javier-castillo/e/2000000170657,0,0,Narrativa straniera,"TEA, 2026",Disponibilità immediata
43,The Witcher. Collector's edition. Vol. 1,Andrzej Sapkowski,https://www.ibs.it/the-witcher-collector-s-edition-libro-andrzej-sapkowski/e/9788842936039,0,0,Narrativa straniera,"Nord, 2026",Disponibile dal 25 settembre 2026
44,The Witcher. Collector's edition. Vol. 2,Andrzej Sapkowski,https://www.ibs.it/the-witcher-collector-s-edition-libro-andrzej-sapkowski/e/9788842936848,0,0,Narrativa straniera,"Nord, 2026",Disponibile dal 25 settembre 2026
45,The Witcher. Collector's edition. Vol. 3,Andrzej Sapkowski,https://www.ibs.it/the-witcher-collector-s-edition-libro-andrzej-sapkowski/e/9788842936855,0,0,Narrativa straniera,"Nord, 2026",Disponibile dal 25 settembre 2026
46,L'età fragile,Donatella Di Pietrantonio,https://www.ibs.it/eta-fragile-libro-donatella-di-pietrantonio/e/9788806255787,4,71,Narrativa italiana,"Einaudi, 2024",Disponibile in 5 gg lavorativi
47,L'ultimo turno,Chris Pavone,https://www.ibs.it/ultimo-turno-libro-chris-pavone/e/9788807037139,4,8,Narrativa straniera,"Feltrinelli, 2026",Disponibile dal 4 settembre 2026
48,Tutta la vita che resta,Roberta Recchia,https://www.ibs.it/tutta-vita-che-resta-libro-roberta-recchia/e/9788817183499,5,85,Narrativa italiana,"Rizzoli, 2024",Disponibilità immediata
49,La portalettere,Francesca Giannone,https://www.ibs.it/portalettere-libro-francesca-giannone/e/9788842934844,4,161,Narrativa italiana,"Nord, 2023",Disponibilità immediata
50,Non schiacciate quel bottone! Ediz. illustrata,Matilde Tacchini,https://www.ibs.it/non-schiacciate-quel-bottone-ediz-libro-matilde-tacchini/e/9791259582300,5,1,Bambini e ragazzi,"Nomos Edizioni, 2025",Disponibile in 5 gg lavorativi
51,La collana di cristallo,Cristina Caboni,https://www.ibs.it/collana-di-cristallo-libro-cristina-caboni/e/2000000170435,0,0,Narrativa italiana,"TEA, 2026",Disponibilità immediata
52,Cesare. La conquista dell'eternità,Alberto Angela,https://www.ibs.it/cesare-conquista-dell-eternita-libro-alberto-angela/e/9788804810995,5,14,Storia e archeologia,"Mondadori, 2026",Disponibilità immediata
53,Platone. Una storia d'amore,Matteo Nucci,https://www.ibs.it/platone-storia-d-amore-libro-matteo-nucci/e/9788807036736,3,14,Narrativa italiana,"Feltrinelli, 2025",Disponibilità immediata
54,Comunismo. Un'altra storia,Luciano Canfora,https://www.ibs.it/comunismo-altra-storia-libro-luciano-canfora/e/9788807175619,5,1,"Società, politica e comunicazione","Feltrinelli, 2026",Disponibilità immediata
55,Puoi. Ediz. a colori,Carmen Mateo,https://www.ibs.it/puoi-ediz-a-colori-libro-carmen-mateo/e/9788829608935,0,0,Bambini e ragazzi,"Emme Edizioni, 2026",Disponibilità immediata
56,Circe,Madeline Miller,https://www.ibs.it/circe-libro-madeline-miller/e/9788829705320,5,195,Narrativa straniera,"Marsilio, 2021",Disponibilità immediata
57,La scala di seta,Marco Malvaldi,https://www.ibs.it/scala-di-seta-libro-marco-malvaldi-samantha-bruzzone/e/9788838950353,0,0,Narrativa italiana,"Sellerio Editore Palermo, 2026",Disponibile dal 8 settembre 2026
58,L'avversario,Emmanuel Carrère,https://www.ibs.it/avversario-libro-emmanuel-carrere/e/9788845927867,4,176,Narrativa straniera,"Adelphi, 2013",Disponibile in 3 gg lavorativi
59,Unfair play. Ultimo tempo,Carrie Leighton,https://www.ibs.it/unfair-play-ultimo-tempo-libro-carrie-leighton/e/9791259576521,0,0,Narrativa erotica e rosa,"Magazzini Salani, 2026",Disponibilità immediata
60,Lo sbilico,Alcide Pierantozzi,https://www.ibs.it/sbilico-libro-alcide-pierantozzi/e/9788806266448,4,27,Narrativa italiana,"Einaudi, 2025",Disponibilità immediata
61,Il treno per Istanbul,Graham Greene,https://www.ibs.it/treno-per-istanbul-libro-graham-greene/e/9788838939815,4,24,"Gialli, thriller, horror","Sellerio Editore Palermo, 2019",Disponibilità immediata
62,Virdimura,Simona Lo Iacono,https://www.ibs.it/virdimura-libro-simona-lo-iacono/e/2000000170558,0,0,Narrativa italiana,"TEA, 2026",Disponibilità immediata
63,Le otto vite di una centenaria senza nome,Mirinae Lee,https://www.ibs.it/otto-vite-di-centenaria-senza-libro-mirinae-lee/e/2000000170633,0,0,Narrativa straniera,"TEA, 2026",Disponibilità immediata
64,Domenica,Georges Simenon,https://www.ibs.it/domenica-libro-georges-simenon/e/9788845941184,5,13,Narrativa straniera,"Adelphi, 2026",Disponibilità immediata
65,La felicità nei giorni di pioggia,Imogen Clark,https://www.ibs.it/felicita-nei-giorni-di-pioggia-libro-imogen-clark/e/9791281368682,3,20,Narrativa straniera,"Libreria Pienogiorno, 2025",Disponibilità immediata
66,Succede sempre qualcosa di meraviglioso,Gianluca Gotto,https://www.ibs.it/succede-sempre-qualcosa-di-meraviglioso-libro-gianluca-gotto/e/9788804729044,5,68,Narrativa italiana,"Mondadori, 2021",Disponibile in 5 gg lavorativi
67,L'ultimo segreto,Dan Brown,https://www.ibs.it/ultimo-segreto-libro-dan-brown/e/9788817174459,3,73,"Gialli, thriller, horror","Rizzoli, 2025",Disponibilità immediata
68,Il fattore gatto,Piergiorgio Pulixi,https://www.ibs.it/fattore-gatto-libro-piergiorgio-pulixi/e/9788829790135,0,0,Narrativa italiana,"Marsilio, 2026",Disponibile dal 15 settembre 2026
69,Le più belle storie dei miti greci. Ediz. a colori,Luisa Mattia,https://www.ibs.it/piu-belle-storie-dei-miti-libro-luisa-mattia/e/9788858019689,5,22,Bambini e ragazzi,"Gribaudo, 2018",Disponibile in 5 gg lavorativi
70,Nuove indicazioni nazionali per la scuola. Domande e risposte: cosa cambia alla scuola dell’infanzia e nel primo ciclo,,https://www.ibs.it/nuove-indicazioni-nazionali-per-scuola-libro-vari/e/9788859046134,0,0,Educazione e formazione,"Erickson, 2026",Disponibilità immediata
71,Il dilemma,B. A. Paris,https://www.ibs.it/dilemma-libro-b-a-paris/e/2000000170602,0,0,Narrativa straniera,"TEA, 2026",Disponibilità immediata
72,Il passato è un morto senza cadavere,Antonio Manzini,https://www.ibs.it/passato-morto-senza-cadavere-libro-antonio-manzini/e/9788838946776,4,51,"Gialli, thriller, horror","Sellerio Editore Palermo, 2024",Disponibilità immediata
73,Il maestro dei sogni,Marco De Franchi,https://www.ibs.it/maestro-dei-sogni-libro-marco-de-franchi/e/2000000170619,0,0,Narrativa italiana,"TEA, 2026",Disponibilità immediata
74,Oliva Denaro,Viola Ardone,https://www.ibs.it/oliva-denaro-libro-viola-ardone/e/9788806247973,5,111,Narrativa italiana,"Einaudi, 2021",Disponibilità immediata
75,Le terme dell'Indirizzo,Cristina Cassar Scalia,https://www.ibs.it/terme-dell-indirizzo-libro-cristina-cassar-scalia/e/9788806260316,4,19,"Gialli, thriller, horror","Einaudi, 2026",Disponibilità immediata
76,Cecità,José Saramago,https://www.ibs.it/cecita-libro-jose-saramago/e/9788807950766,5,6,Narrativa straniera,"Feltrinelli, 2026",Disponibilità immediata
77,La versione delle margherite,Sarah Savioli,https://www.ibs.it/versione-delle-margherite-libro-sarah-savioli/e/9788807970160,0,0,Narrativa italiana,"Feltrinelli, 2026",Disponibilità immediata
78,Follia,Patrick McGrath,https://www.ibs.it/follia-libro-patrick-mcgrath/e/9788845926983,4,515,Narrativa straniera,"Adelphi, 2012",Disponibilità immediata
79,La solitudine di Sonia e Sunny,Kiran Desai,https://www.ibs.it/solitudine-di-sonia-sunny-libro-kiran-desai/e/9788845941016,5,4,Narrativa straniera,"Adelphi, 2026",Disponibilità immediata
80,San Francesco,Alessandro Barbero,https://www.ibs.it/san-francesco-libro-alessandro-barbero/e/9788858155325,5,15,Religione e spiritualità,"Laterza, 2025",Disponibilità immediata
81,Francesco. Il primo italiano,Aldo Cazzullo,https://www.ibs.it/francesco-primo-italiano-libro-aldo-cazzullo/e/9791259854902,3,14,Religione e spiritualità,"HarperCollins Italia, 2025",Disponibilità immediata
82,Saggio sulla lucidità,José Saramago,https://www.ibs.it/saggio-sulla-lucidita-libro-jose-saramago/e/2000000163277,0,0,Narrativa straniera,"Feltrinelli, 2026",Disponibilità immediata
83,Acqua scura. Le indagini di Kate Linville,Charlotte Link,https://www.ibs.it/acqua-scura-indagini-di-kate-libro-charlotte-link/e/2000000170664,0,0,Narrativa straniera,"TEA, 2026",Disponibilità immediata
84,Norwegian wood. Tokyo blues,Haruki Murakami,https://www.ibs.it/norwegian-wood-tokyo-blues-libro-haruki-murakami/e/9788806216467,4,552,Narrativa straniera,"Einaudi, 2013",Disponibilità immediata
85,La paziente silenziosa,Alex Michaelides,https://www.ibs.it/paziente-silenziosa-libro-alex-michaelides/e/9788806244583,4,121,Narrativa straniera,"Einaudi, 2020",Disponibile in 5 gg lavorativi
86,L'orologiaio di Brest,Maurizio de Giovanni,https://www.ibs.it/orologiaio-di-brest-libro-maurizio-de-giovanni/e/9788807036606,4,36,Narrativa italiana,"Feltrinelli, 2025",Disponibilità immediata
87,La continuità del male. Perché la destra italiana è ancora fascista,Tomaso Montanari,https://www.ibs.it/continuita-del-male-perche-destra-libro-tomaso-montanari/e/9788807200212,4,15,"Società, politica e comunicazione","Feltrinelli, 2026",Disponibilità immediata
88,Anna Karenina,Lev Tolstoj,https://www.ibs.it/anna-karenina-libro-lev-tolstoj/e/9788807900006,5,135,Narrativa straniera,"Feltrinelli, 2013",Disponibilità immediata
89,Io che ti ho voluto così bene,Roberta Recchia,https://www.ibs.it/io-che-ti-ho-voluto-libro-roberta-recchia/e/9788817183505,5,39,Narrativa italiana,"Rizzoli, 2025",Disponibilità immediata
90,La libreria dei gatti neri,Piergiorgio Pulixi,https://www.ibs.it/libreria-dei-gatti-neri-libro-piergiorgio-pulixi/e/9788829711642,4,63,Narrativa italiana,"Marsilio, 2023",Disponibilità immediata
91,Iliade,Omero,https://www.ibs.it/iliade-libro-omero/e/9788831743020,5,20,"Classici, poesia, teatro e critica","Marsilio, 2018",Disponibilità immediata
92,Punto di partenza 1979-1996,Hayao Miyazaki,https://www.ibs.it/punto-di-partenza-1979-1996-libro-hayao-miyazaki/e/9788834621936,0,0,Biografie,"La nave di Teseo, 2026",Disponibilità immediata
93,La vegetariana,Han Kang,https://www.ibs.it/vegetariana-libro-han-kang/e/9788845934018,4,84,Narrativa straniera,"Adelphi, 2019",Disponibilità immediata
94,I cinque malfatti. Ediz. a colori,Beatrice Alemagna,https://www.ibs.it/cinque-malfatti-ediz-a-colori-libro-beatrice-alemagna/e/9788898523061,5,42,Bambini e ragazzi,"TopiPittori, 2016",Disponibile in 5 gg lavorativi
95,Solo il seme lo sa. Libro pop-up. Ediz. a colori,Agnese Baruzzi,https://www.ibs.it/solo-seme-sa-libro-pop-libro-agnese-baruzzi-silvia-vecchini/e/9791255190653,0,0,Bambini e ragazzi,"Lapis, 2025",Disponibilità immediata
96,Il tempo del la la la,Luciana Littizzetto,https://www.ibs.it/tempo-del-libro-luciana-littizzetto/e/9788804761648,0,0,Narrativa italiana,"Mondadori, 2026",Disponibilità immediata
97,Il sistema periodico,Primo Levi,https://www.ibs.it/sistema-periodico-libro-primo-levi/e/9788806272104,0,0,Narrativa italiana,"Einaudi, 2026",Disponibilità immediata
98,La morte di Ivan Il'ic,Lev Tolstoj,https://www.ibs.it/morte-di-ivan-ic-libro-lev-tolstoj/e/9788807900815,5,53,Narrativa straniera,"Feltrinelli, 2014",Disponibilità immediata
99,Il ragno nella tela. Le indagini della grafologa Bea Navarra,Nunzia Scalzo,https://www.ibs.it/ragno-nella-tela-indagini-della-libro-nunzia-scalzo/e/9788807970207,4,10,"Gialli, thriller, horror","Feltrinelli, 2026",Disponibile in 5 gg lavorativi
100,Tre nomi,Florence Knapp,https://www.ibs.it/tre-nomi-libro-florence-knapp/e/9788811014553,4,20,Narrativa straniera,"Garzanti, 2026",Disponibilità immediata
